admin#00000,Sweet Dreams,Arial,Large
user-1696942964135#00001,Sweet Dreams,Arial,Large
user-1696943078364#00002,Sweet Dreams,Arial,Large
user-1696943175117#00003,Candy Pink,Arial,Large
user-1696945760450#00004,Sweet Dreams,Arial,Large
user-1696945760715#00005,Sweet Dreams,Arial,Large
user-1696945760966#00006,Sweet Dreams,Arial,Large
user-1696945761220#00007,Candy Pink,Arial,Large
user-1696945761464#00008,Sweet Dreams,Arial,Large
user-1696945761704#00009,Sweet Dreams,Arial,Large
user-1696945761950#00010,Sweet Dreams,Arial,Large
user-1696945762187#00011,Sweet Dreams,Arial,Large
user-1696945762424#00012,Sweet Dreams,Arial,Large
user-1696945762662#00013,Sweet Dreams,Arial,Large
user-1696945762900#00014,Sweet Dreams,Arial,Large
user-1696945763138#00015,Sweet Dreams,Arial,Large
user-1696945763375#00016,Sweet Dreams,Arial,Large
user-1696945763611#00017,Sweet Dreams,Arial,Large
user-1696945763848#00018,Sweet Dreams,Arial,Large
user-1696945764085#00019,Sweet Dreams,Arial,Large
user-1696945764323#00020,Sweet Dreams,Arial,Large
user-1696945764559#00021,Sweet Dreams,Arial,Large
user-1696945764798#00022,Sweet Dreams,Arial,Large
user-1696945765035#00023,Sweet Dreams,Arial,Large
user-1696945765277#00024,Sweet Dreams,Arial,Large
user-1696945765518#00025,Sweet Dreams,Arial,Large
user-1696945765758#00026,Sweet Dreams,Arial,Large
user-1696945765992#00027,Sweet Dreams,Arial,Large
user-1696945766230#00028,Sweet Dreams,Arial,Large
user-1696945766465#00029,Sweet Dreams,Arial,Large
user-1696945766707#00030,Sweet Dreams,Arial,Large
user-1696945766944#00031,Sweet Dreams,Arial,Large
user-1696945767183#00032,Sweet Dreams,Arial,Large
user-1696945767421#00033,Sweet Dreams,Arial,Large
user-1696945767677#00034,Sweet Dreams,Arial,Large
user-1696945767915#00035,Sweet Dreams,Arial,Large
user-1696945768154#00036,Sweet Dreams,Arial,Large
user-1696945768393#00037,Sweet Dreams,Arial,Large
user-1696945768631#00038,Sweet Dreams,Arial,Large
user-1696945768869#00039,Sweet Dreams,Arial,Large
user-1696945769105#00040,Sweet Dreams,Arial,Large
